CS 170,CS 171,1
CS 170,CS 224,1
MATH 112,CS 224,1
CS 171,CS 255,1
CS 171,CS 323,1
CS 224,CS 323,1
CS 323,CS 325,1
CS 171,CS 329,1
CS 171,CS 355,1
CS 255,CS 355,1
CS 224,CS 370,1
CS 255,CS 370,1
CS 171,CS 377,1
CS 323,CS 378,1
CS 224,CS 424,1
CS 323,CS 424,1
CS 171,CS 450,1
CS 255,CS 450,1
CS 450,CS 452,1
CS 450,CS 453,1
CS 450,CS 455,1
CS 255,CS 456,1
CS 323,CS 456,1
CS 424,CS 456,1
MATH 111,MATH 112,1
MATH 112,MATH 211,1
MATH 112,MATH 212,1
MATH 112,MATH 221,1
MATH 112,MATH 250,1
MATH 112,MATH 270,1
MATH 221,MATH 315,1
CS 170,MATH 315,1
MATH 211,MATH 318,1
MATH 250,MATH 318,1
MATH 250,MATH 321,1
MATH 250,MATH 328,1
MATH 221,MATH 330,1
MATH 250,MATH 330,1
MATH 221,MATH 344,1
MATH 250,MATH 344,1
MATH 221,MATH 344,1
CS 170 ,MATH 345,1
MATH 212,MATH 345,1
CS 170,MATH 346,1
MATH 221,MATH 346,1
CS 170,MATH 347,1
MATH 221,MATH 347,1
MATH 250,MATH 347,1
MATH 211,MATH 347,1
MATH 211,MATH 351,1
MATH 212,MATH 351,1
MATH 221,MATH 351,1
MATH 211,MATH 352,1
MATH 212,MATH 352,1
MATH 221,MATH 352,1
MATH 211,MATH 361,1
MATH 361,MATH 362,1
MATH 211,MATH 411,1
MATH 250,MATH 411,1
MATH 221,MATH 411,1
MATH 411,MATH 412,1
MATH 221,MATH 421,1
MATH 250,MATH 421,1
MATH 421,MATH 422,1
MATH 211,MATH 425,1